{"cameraMode":{"drawMode":0,"name":"Shaded","section":"Shading Mode"},"sceneLighting":false,"audioPlay":false,"sceneViewState":{"showFog":true,"showMaterialUpdate":false,"showSkybox":false,"showFlares":true,"showImageEffects":true,"showParticleSystems":true},"in2DMode":false,"pivot":{"x":6.760881423950195,"y":-14.823010444641114,"z":-7.935276985168457},"rotation":{"x":0.44693341851234438,"y":-0.38848695158958437,"z":0.22414538264274598,"w":0.7741724252700806},"size":0.5403821468353272,"orthographic":false}