{"cameraMode":{"drawMode":0,"name":"Shaded","section":"Shading Mode"},"sceneLighting":false,"audioPlay":false,"sceneViewState":{"showFog":true,"showMaterialUpdate":false,"showSkybox":true,"showFlares":true,"showImageEffects":true,"showParticleSystems":true},"in2DMode":false,"pivot":{"x":2.3680171966552736,"y":-9.263139724731446,"z":-3.2232768535614015},"rotation":{"x":0.595846951007843,"y":0.20179510116577149,"z":-0.15798848867416383,"w":0.7611168026924133},"size":10.0,"orthographic":false}