{"cameraMode":{"drawMode":0,"name":"Shaded","section":"Shading Mode"},"sceneLighting":false,"audioPlay":false,"sceneViewState":{"showFog":true,"showMaterialUpdate":false,"showSkybox":false,"showFlares":true,"showImageEffects":true,"showParticleSystems":true},"in2DMode":false,"pivot":{"x":4.269404888153076,"y":-14.271262168884278,"z":-0.13418042659759522},"rotation":{"x":0.10608463734388352,"y":0.8614335060119629,"z":-0.20125257968902589,"w":0.4540712535381317},"size":2.0231080055236818,"orthographic":false}