{"cameraMode":{"drawMode":0,"name":"Shaded","section":"Shading Mode"},"sceneLighting":false,"audioPlay":false,"sceneViewState":{"showFog":true,"showMaterialUpdate":false,"showSkybox":false,"showFlares":true,"showImageEffects":true,"showParticleSystems":true},"in2DMode":false,"pivot":{"x":7.621143341064453,"y":-14.450626373291016,"z":-8.836259841918946},"rotation":{"x":-0.45828205347061159,"y":0.11721914261579514,"z":-0.06116697937250137,"w":-0.878976583480835},"size":0.5403821468353272,"orthographic":false}