{"cameraMode":{"drawMode":0,"name":"Shaded","section":"Shading Mode"},"sceneLighting":false,"audioPlay":false,"sceneViewState":{"showFog":true,"showMaterialUpdate":false,"showSkybox":false,"showFlares":true,"showImageEffects":true,"showParticleSystems":true},"in2DMode":false,"pivot":{"x":7.4186930656433109,"y":-11.413376808166504,"z":-9.152732849121094},"rotation":{"x":-0.5691190958023071,"y":0.24645008146762849,"z":-0.18398147821426392,"w":-0.7626411318778992},"size":0.28258711099624636,"orthographic":false}